epoch,step,mem_allocated_gb,mem_reserved_gb,timestamp
0,0,1.322,2.865,1786491955.3508823
0,20,1.325,3.543,1786491956.4422724
0,40,1.325,3.543,1786491957.5265
0,60,1.325,3.543,1786491958.609061
0,80,1.325,3.543,1786491959.6923082
0,100,1.325,3.543,1786491960.7769108
0,120,1.325,3.543,1786491961.860131
0,140,1.325,3.543,1786491962.945153
0,160,1.325,3.543,1786491964.028961
0,180,1.325,3.543,1786491965.1131968
0,200,1.325,3.543,1786491966.1993172
0,220,1.325,3.543,1786491967.2847493
0,240,1.325,3.543,1786491968.369042
0,260,1.325,3.543,1786491969.4564764
0,280,1.325,3.543,1786491970.5420585
0,300,1.325,3.543,1786491971.6290195
0,320,1.325,3.543,1786491972.7158802
0,340,1.325,3.543,1786491973.8030844
0,360,1.325,3.543,1786491974.889816
0,380,1.325,3.543,1786491975.9767227
0,400,1.325,3.543,1786491977.0632222
0,420,1.325,3.543,1786491978.1529634
0,440,1.325,3.543,1786491979.2412643
0,460,1.325,3.543,1786491980.3297987
0,480,1.325,3.543,1786491981.5521255
0,500,1.317,3.543,1786491982.7089667
1,0,1.325,3.543,1786492000.8868854
1,20,1.325,3.543,1786492001.9763281
1,40,1.325,3.543,1786492003.0668874
1,60,1.325,3.543,1786492004.1571608
1,80,1.325,3.543,1786492005.2466047
1,100,1.325,3.543,1786492006.3354414
1,120,1.325,3.543,1786492007.427136
1,140,1.325,3.543,1786492008.5183995
1,160,1.325,3.543,1786492009.6101902
1,180,1.325,3.543,1786492010.7117205
1,200,1.325,3.543,1786492011.804152
1,220,1.325,3.543,1786492012.8988836
1,240,1.325,3.543,1786492013.9917228
1,260,1.325,3.543,1786492015.0924208
1,280,1.325,3.543,1786492016.1893568
1,300,1.325,3.543,1786492017.285772
1,320,1.325,3.543,1786492018.3805315
1,340,1.325,3.543,1786492019.4754329
1,360,1.325,3.543,1786492020.5711305
1,380,1.325,3.543,1786492021.666409
1,400,1.325,3.543,1786492022.7595556
1,420,1.325,3.543,1786492023.860911
1,440,1.325,3.543,1786492024.9572036
1,460,1.325,3.543,1786492026.0547705
1,480,1.325,3.543,1786492027.155997
1,500,1.317,3.543,1786492028.2336283
2,0,1.325,3.543,1786492047.0125911
2,20,1.325,3.543,1786492048.1044476
2,40,1.325,3.543,1786492049.1954951
2,60,1.325,3.543,1786492050.2863722
2,80,1.325,3.543,1786492051.3764691
2,100,1.325,3.543,1786492052.4682426
2,120,1.325,3.543,1786492053.560747
2,140,1.325,3.543,1786492054.654379
2,160,1.325,3.543,1786492055.7497587
2,180,1.325,3.543,1786492056.839553
2,200,1.325,3.543,1786492057.9325016
2,220,1.325,3.543,1786492059.0229068
2,240,1.325,3.543,1786492060.1149862
2,260,1.325,3.543,1786492061.2049956
2,280,1.325,3.543,1786492062.299621
2,300,1.325,3.543,1786492063.3933625
2,320,1.325,3.543,1786492064.4890037
2,340,1.325,3.543,1786492065.5841017
2,360,1.325,3.543,1786492066.6776226
2,380,1.325,3.543,1786492067.7709463
2,400,1.325,3.543,1786492068.8650782
2,420,1.325,3.543,1786492069.957945
2,440,1.325,3.543,1786492071.0528727
2,460,1.325,3.543,1786492072.1514344
2,480,1.325,3.543,1786492073.243753
2,500,1.317,3.543,1786492074.3208416
3,0,1.325,3.543,1786492089.4149368
3,20,1.325,3.543,1786492090.5056345
3,40,1.325,3.543,1786492091.600102
3,60,1.325,3.543,1786492092.6949155
3,80,1.325,3.543,1786492093.788369
3,100,1.325,3.543,1786492094.8812232
3,120,1.325,3.543,1786492095.9765363
3,140,1.325,3.543,1786492097.0702615
3,160,1.325,3.543,1786492098.167376
3,180,1.325,3.543,1786492099.4507205
3,200,1.325,3.543,1786492100.5452008
3,220,1.325,3.543,1786492101.6398387
3,240,1.325,3.543,1786492102.7320786
3,260,1.325,3.543,1786492103.8234859
3,280,1.325,3.543,1786492104.9182093
3,300,1.325,3.543,1786492106.0128722
3,320,1.325,3.543,1786492107.107059
3,340,1.325,3.543,1786492108.2025723
3,360,1.325,3.543,1786492109.2988567
3,380,1.325,3.543,1786492110.3928554
3,400,1.325,3.543,1786492111.4883487
3,420,1.325,3.543,1786492112.5848513
3,440,1.325,3.543,1786492113.6794665
3,460,1.325,3.543,1786492114.7735758
3,480,1.325,3.543,1786492115.8696144
3,500,1.317,3.543,1786492116.9481978
4,0,1.325,3.543,1786492132.565036
4,20,1.325,3.543,1786492133.6591702
4,40,1.325,3.543,1786492134.7527103
4,60,1.325,3.543,1786492135.8458676
4,80,1.325,3.543,1786492136.9389496
4,100,1.325,3.543,1786492138.0334606
4,120,1.325,3.543,1786492139.1295168
4,140,1.325,3.543,1786492140.2211206
4,160,1.325,3.543,1786492141.3171413
4,180,1.325,3.543,1786492142.4146779
4,200,1.325,3.543,1786492143.5139358
4,220,1.325,3.543,1786492144.6102824
4,240,1.325,3.543,1786492145.7074008
4,260,1.325,3.543,1786492146.7997139
4,280,1.325,3.543,1786492147.8942676
4,300,1.325,3.543,1786492148.9886882
4,320,1.325,3.543,1786492150.0808358
4,340,1.325,3.543,1786492151.1770425
4,360,1.325,3.543,1786492152.2730575
4,380,1.325,3.543,1786492153.3674755
4,400,1.325,3.543,1786492154.4592679
4,420,1.325,3.543,1786492155.5526304
4,440,1.325,3.543,1786492156.6453097
4,460,1.325,3.543,1786492157.736887
4,480,1.325,3.543,1786492158.8307958
4,500,1.317,3.543,1786492159.908207
5,0,1.325,3.543,1786492166.69574
5,20,1.325,3.543,1786492167.792994
5,40,1.325,3.543,1786492168.8883774
5,60,1.325,3.543,1786492169.9822085
5,80,1.325,3.543,1786492171.076807
5,100,1.325,3.543,1786492172.1713312
5,120,1.325,3.543,1786492173.266523
5,140,1.325,3.543,1786492174.3617334
5,160,1.325,3.543,1786492175.4585774
5,180,1.325,3.543,1786492176.555353
5,200,1.325,3.543,1786492177.653523
5,220,1.325,3.543,1786492178.7491465
5,240,1.325,3.543,1786492179.8435357
5,260,1.325,3.543,1786492180.9387333
5,280,1.325,3.543,1786492182.037225
5,300,1.325,3.543,1786492183.1338232
5,320,1.325,3.543,1786492184.2316015
5,340,1.325,3.543,1786492185.3294466
5,360,1.325,3.543,1786492186.4286056
5,380,1.325,3.543,1786492187.5282664
5,400,1.325,3.543,1786492188.6259348
5,420,1.325,3.543,1786492189.7236755
5,440,1.325,3.543,1786492190.8219118
5,460,1.325,3.543,1786492191.9209745
5,480,1.325,3.543,1786492193.0188725
5,500,1.317,3.543,1786492194.1011982
6,0,1.325,3.543,1786492200.3407183
6,20,1.325,3.543,1786492201.4362113
6,40,1.325,3.543,1786492202.5355632
6,60,1.325,3.543,1786492203.6367903
6,80,1.325,3.543,1786492204.7366397
6,100,1.325,3.543,1786492205.8352418
6,120,1.325,3.543,1786492206.9343295
6,140,1.325,3.543,1786492208.034875
6,160,1.325,3.543,1786492209.1378233
6,180,1.325,3.543,1786492210.2383394
6,200,1.325,3.543,1786492211.340878
6,220,1.325,3.543,1786492212.4389226
6,240,1.325,3.543,1786492213.5357869
6,260,1.325,3.543,1786492214.6329439
6,280,1.325,3.543,1786492215.738394
6,300,1.325,3.543,1786492216.8394113
6,320,1.325,3.543,1786492217.9375157
6,340,1.325,3.543,1786492219.0348015
6,360,1.325,3.543,1786492220.1341403
6,380,1.325,3.543,1786492221.2339513
6,400,1.325,3.543,1786492222.360044
6,420,1.325,3.543,1786492223.4589596
6,440,1.325,3.543,1786492224.5562944
6,460,1.325,3.543,1786492225.6544619
6,480,1.325,3.543,1786492226.75283
6,500,1.317,3.543,1786492227.833387
7,0,1.325,3.543,1786492242.8880928
7,20,1.325,3.543,1786492243.978229
7,40,1.325,3.543,1786492245.0707545
7,60,1.325,3.543,1786492246.1687806
7,80,1.325,3.543,1786492247.265449
7,100,1.325,3.543,1786492248.359698
7,120,1.325,3.543,1786492249.4564247
7,140,1.325,3.543,1786492250.5540693
7,160,1.325,3.543,1786492251.6536005
7,180,1.325,3.543,1786492252.752216
7,200,1.325,3.543,1786492253.8530462
7,220,1.325,3.543,1786492254.9511604
7,240,1.325,3.543,1786492256.0515883
7,260,1.325,3.543,1786492257.1496067
7,280,1.325,3.543,1786492258.247271
7,300,1.325,3.543,1786492259.346562
7,320,1.325,3.543,1786492260.4443924
7,340,1.325,3.543,1786492261.5438414
7,360,1.325,3.543,1786492262.6436684
7,380,1.325,3.543,1786492263.743697
7,400,1.325,3.543,1786492264.8453217
7,420,1.325,3.543,1786492265.9471774
7,440,1.325,3.543,1786492267.047069
7,460,1.325,3.543,1786492268.1481607
7,480,1.325,3.543,1786492269.247213
7,500,1.317,3.543,1786492270.331462
8,0,1.325,3.543,1786492288.403785
8,20,1.325,3.543,1786492289.5012703
8,40,1.325,3.543,1786492290.5976782
8,60,1.325,3.543,1786492291.69713
8,80,1.325,3.543,1786492292.7981431
8,100,1.325,3.543,1786492293.8929276
8,120,1.325,3.543,1786492294.9912834
8,140,1.325,3.543,1786492296.0888422
8,160,1.325,3.543,1786492297.1878395
8,180,1.325,3.543,1786492298.2800937
8,200,1.325,3.543,1786492299.382043
8,220,1.325,3.543,1786492300.4819732
8,240,1.325,3.543,1786492301.5816233
8,260,1.325,3.543,1786492302.6788163
8,280,1.325,3.543,1786492303.7771432
8,300,1.325,3.543,1786492304.875135
8,320,1.325,3.543,1786492305.9730375
8,340,1.325,3.543,1786492307.0719414
8,360,1.325,3.543,1786492308.1722302
8,380,1.325,3.543,1786492309.2764845
8,400,1.325,3.543,1786492310.3798573
8,420,1.325,3.543,1786492311.4807048
8,440,1.325,3.543,1786492312.5847
8,460,1.325,3.543,1786492313.6890557
8,480,1.325,3.543,1786492314.7923994
8,500,1.317,3.543,1786492315.8797686
9,0,1.325,3.543,1786492348.5899525
9,20,1.325,3.543,1786492349.6833966
9,40,1.325,3.543,1786492350.775876
9,60,1.325,3.543,1786492351.8668659
9,80,1.325,3.543,1786492352.9622943
9,100,1.325,3.543,1786492354.0597699
9,120,1.325,3.543,1786492355.1541274
9,140,1.325,3.543,1786492356.2499597
9,160,1.325,3.543,1786492357.344924
9,180,1.325,3.543,1786492358.4405386
9,200,1.325,3.543,1786492359.5369494
9,220,1.325,3.543,1786492360.631592
9,240,1.325,3.543,1786492361.7264452
9,260,1.325,3.543,1786492362.8242106
9,280,1.325,3.543,1786492363.918459
9,300,1.325,3.543,1786492365.0152023
9,320,1.325,3.543,1786492366.1139548
9,340,1.325,3.543,1786492367.2107615
9,360,1.325,3.543,1786492368.3053777
9,380,1.325,3.543,1786492369.3988457
9,400,1.325,3.543,1786492370.496451
9,420,1.325,3.543,1786492371.5952656
9,440,1.325,3.543,1786492372.6935108
9,460,1.325,3.543,1786492373.7909892
9,480,1.325,3.543,1786492374.885447
9,500,1.317,3.543,1786492375.9622507
10,0,1.325,3.543,1786492389.1192126
10,20,1.325,3.543,1786492390.2121153
10,40,1.325,3.543,1786492391.3051565
10,60,1.325,3.543,1786492392.3989663
10,80,1.325,3.543,1786492393.4922557
10,100,1.325,3.543,1786492394.5851154
10,120,1.325,3.543,1786492395.677676
10,140,1.325,3.543,1786492396.7692642
10,160,1.325,3.543,1786492397.8651571
10,180,1.325,3.543,1786492398.9609225
10,200,1.325,3.543,1786492400.054777
10,220,1.325,3.543,1786492401.152721
10,240,1.325,3.543,1786492402.2473247
10,260,1.325,3.543,1786492403.3397682
10,280,1.325,3.543,1786492404.4293716
10,300,1.325,3.543,1786492405.5201979
10,320,1.325,3.543,1786492406.6139107
10,340,1.325,3.543,1786492407.7085922
10,360,1.325,3.543,1786492408.8123891
10,380,1.325,3.543,1786492409.9059427
10,400,1.325,3.543,1786492411.001752
10,420,1.325,3.543,1786492412.0955315
10,440,1.325,3.543,1786492413.1917787
10,460,1.325,3.543,1786492414.2850106
10,480,1.325,3.543,1786492415.3781583
10,500,1.317,3.543,1786492416.4571185
11,0,1.325,3.543,1786492450.7806995
11,20,1.325,3.543,1786492451.8648608
11,40,1.325,3.543,1786492452.9539094
11,60,1.325,3.543,1786492454.042469
11,80,1.325,3.543,1786492455.1341982
11,100,1.325,3.543,1786492456.2253923
11,120,1.325,3.543,1786492457.314041
11,140,1.325,3.543,1786492458.4060583
11,160,1.325,3.543,1786492459.498079
11,180,1.325,3.543,1786492460.5892277
11,200,1.325,3.543,1786492461.6808732
11,220,1.325,3.543,1786492462.7690961
11,240,1.325,3.543,1786492463.8607903
11,260,1.325,3.543,1786492464.9505832
11,280,1.325,3.543,1786492466.0418413
11,300,1.325,3.543,1786492467.1320496
11,320,1.325,3.543,1786492468.2221816
11,340,1.325,3.543,1786492469.315315
11,360,1.325,3.543,1786492470.4068668
11,380,1.325,3.543,1786492471.4972863
11,400,1.325,3.543,1786492472.5890064
11,420,1.325,3.543,1786492473.681028
11,440,1.325,3.543,1786492474.773483
11,460,1.325,3.543,1786492475.8668907
11,480,1.325,3.543,1786492476.9570053
11,500,1.317,3.543,1786492478.0303528
12,0,1.325,3.543,1786492487.236715
12,20,1.325,3.543,1786492488.3263993
12,40,1.325,3.543,1786492489.416249
12,60,1.325,3.543,1786492490.507791
12,80,1.325,3.543,1786492491.602299
12,100,1.325,3.543,1786492492.6956444
12,120,1.325,3.543,1786492493.788962
12,140,1.325,3.543,1786492494.8823392
12,160,1.325,3.543,1786492495.9766405
12,180,1.325,3.543,1786492497.0721793
12,200,1.325,3.543,1786492498.1657543
12,220,1.325,3.543,1786492499.2600384
12,240,1.325,3.543,1786492500.3566506
12,260,1.325,3.543,1786492501.452133
12,280,1.325,3.543,1786492502.5468683
12,300,1.325,3.543,1786492503.641005
12,320,1.325,3.543,1786492504.7412496
12,340,1.325,3.543,1786492505.8363645
12,360,1.325,3.543,1786492506.9293754
12,380,1.325,3.543,1786492508.0234363
12,400,1.325,3.543,1786492509.1166987
12,420,1.325,3.543,1786492510.212433
12,440,1.325,3.543,1786492511.3070145
12,460,1.325,3.543,1786492512.4011877
12,480,1.325,3.543,1786492513.4952102
12,500,1.317,3.543,1786492514.5753932
13,0,1.325,3.543,1786492521.8797824
13,20,1.325,3.543,1786492522.9716332
13,40,1.325,3.543,1786492524.0664752
13,60,1.325,3.543,1786492525.1602948
13,80,1.325,3.543,1786492526.2538683
13,100,1.325,3.543,1786492527.356129
13,120,1.325,3.543,1786492528.4524872
13,140,1.325,3.543,1786492529.545417
13,160,1.325,3.543,1786492530.6393878
13,180,1.325,3.543,1786492531.7337162
13,200,1.325,3.543,1786492532.8274658
13,220,1.325,3.543,1786492533.9195955
13,240,1.325,3.543,1786492535.0105205
13,260,1.325,3.543,1786492536.1050057
13,280,1.325,3.543,1786492537.202685
13,300,1.325,3.543,1786492538.3010166
13,320,1.325,3.543,1786492539.3950002
13,340,1.325,3.543,1786492540.4908926
13,360,1.325,3.543,1786492541.5876563
13,380,1.325,3.543,1786492542.6827967
13,400,1.325,3.543,1786492543.778427
13,420,1.325,3.543,1786492544.8742237
13,440,1.325,3.543,1786492545.9710016
13,460,1.325,3.543,1786492547.0687366
13,480,1.325,3.543,1786492548.1639717
13,500,1.317,3.543,1786492549.245151
14,0,1.325,3.543,1786492555.8034496
14,20,1.325,3.543,1786492556.8987527
14,40,1.325,3.543,1786492557.995707
14,60,1.325,3.543,1786492559.0914721
14,80,1.325,3.543,1786492560.1878648
14,100,1.325,3.543,1786492561.2840734
14,120,1.325,3.543,1786492562.3827095
14,140,1.325,3.543,1786492563.4822617
14,160,1.325,3.543,1786492564.5816796
14,180,1.325,3.543,1786492565.685374
14,200,1.325,3.543,1786492566.7852461
14,220,1.325,3.543,1786492567.8854618
14,240,1.325,3.543,1786492568.9836175
14,260,1.325,3.543,1786492570.0822453
14,280,1.325,3.543,1786492571.1842859
14,300,1.325,3.543,1786492572.2788136
14,320,1.325,3.543,1786492573.3831933
14,340,1.325,3.543,1786492574.4800766
14,360,1.325,3.543,1786492575.577978
14,380,1.325,3.543,1786492576.6764476
14,400,1.325,3.543,1786492577.7748153
14,420,1.325,3.543,1786492578.875736
14,440,1.325,3.543,1786492579.973783
14,460,1.325,3.543,1786492581.0739493
14,480,1.325,3.543,1786492582.1744096
14,500,1.317,3.543,1786492583.2582157
